{"cameraMode":{"drawMode":0,"name":"Shaded","section":"Shading Mode"},"sceneLighting":false,"audioPlay":false,"sceneViewState":{"m_AlwaysRefresh":false,"showFog":true,"showSkybox":false,"showFlares":true,"showImageEffects":true,"showParticleSystems":true,"showVisualEffectGraphs":true,"m_FxEnabled":true},"in2DMode":false,"pivot":{"x":0.8888611793518066,"y":3.0304088592529299,"z":1.0601171255111695},"rotation":{"x":0.013191553764045239,"y":0.9854458570480347,"z":-0.09073545038700104,"w":0.14375856518745423},"size":0.3634343445301056,"orthographic":false}